letter,startPosition,endPosition,timing,direction,blueMotionType,blueRotationDirection,blueStartLocation,blueEndLocation,redMotionType,redRotationDirection,redStartLocation,redEndLocation
A,alpha3,alpha5,split,same,pro,cw,w,n,pro,cw,e,s
A,alpha5,alpha7,split,same,pro,cw,n,e,pro,cw,s,w
A,alpha7,alpha1,split,same,pro,cw,e,s,pro,cw,w,n
A,alpha1,alpha3,split,same,pro,cw,s,w,pro,cw,n,e
A,alpha7,alpha5,split,same,pro,ccw,e,n,pro,ccw,w,s
A,alpha1,alpha7,split,same,pro,ccw,s,e,pro,ccw,n,w
A,alpha5,alpha3,split,same,pro,ccw,n,w,pro,ccw,s,e
A,alpha3,alpha1,split,same,pro,ccw,w,s,pro,ccw,e,n

B,alpha3,alpha5,split,same,anti,ccw,w,n,anti,ccw,e,s
B,alpha5,alpha7,split,same,anti,ccw,n,e,anti,ccw,s,w
B,alpha7,alpha1,split,same,anti,ccw,e,s,anti,ccw,w,n
B,alpha1,alpha3,split,same,anti,ccw,s,w,anti,ccw,n,e
B,alpha7,alpha5,split,same,anti,cw,e,n,anti,cw,w,s
B,alpha1,alpha7,split,same,anti,cw,s,e,anti,cw,n,w
B,alpha5,alpha3,split,same,anti,cw,n,w,anti,cw,s,e
B,alpha3,alpha1,split,same,anti,cw,w,s,anti,cw,e,n

C,alpha3,alpha5,split,same,anti,ccw,w,n,pro,cw,e,s
C,alpha5,alpha7,split,same,anti,ccw,n,e,pro,cw,s,w
C,alpha7,alpha1,split,same,anti,ccw,e,s,pro,cw,w,n
C,alpha1,alpha3,split,same,anti,ccw,s,w,pro,cw,n,e
C,alpha7,alpha5,split,same,anti,cw,e,n,pro,ccw,w,s
C,alpha1,alpha7,split,same,anti,cw,s,e,pro,ccw,n,w
C,alpha5,alpha3,split,same,anti,cw,n,w,pro,ccw,s,e
C,alpha3,alpha1,split,same,anti,cw,w,s,pro,ccw,e,n

C,alpha3,alpha5,split,same,pro,cw,w,n,anti,ccw,e,s
C,alpha5,alpha7,split,same,pro,cw,n,e,anti,ccw,s,w
C,alpha7,alpha1,split,same,pro,cw,e,s,anti,ccw,w,n
C,alpha1,alpha3,split,same,pro,cw,s,w,anti,ccw,n,e
C,alpha7,alpha5,split,same,pro,ccw,e,n,anti,cw,w,s
C,alpha1,alpha7,split,same,pro,ccw,s,e,anti,cw,n,w
C,alpha5,alpha3,split,same,pro,ccw,n,w,anti,cw,s,e
C,alpha3,alpha1,split,same,pro,ccw,w,s,anti,cw,e,n

D,beta3,alpha5,split,opp,pro,ccw,e,n,pro,cw,e,s
D,beta5,alpha7,tog,opp,pro,ccw,s,e,pro,cw,s,w
D,beta7,alpha1,split,opp,pro,ccw,w,s,pro,cw,w,n
D,beta1,alpha3,tog,opp,pro,ccw,n,w,pro,cw,n,e
D,beta7,alpha5,split,opp,pro,cw,w,n,pro,ccw,w,s
D,beta1,alpha7,tog,opp,pro,cw,n,e,pro,ccw,n,w
D,beta5,alpha3,tog,opp,pro,cw,s,w,pro,ccw,s,e
D,beta3,alpha1,split,opp,pro,cw,e,s,pro,ccw,e,n

E,beta3,alpha5,split,opp,anti,cw,e,n,anti,ccw,e,s
E,beta5,alpha7,tog,opp,anti,cw,s,e,anti,ccw,s,w
E,beta7,alpha1,split,opp,anti,cw,w,s,anti,ccw,w,n
E,beta1,alpha3,tog,opp,anti,cw,n,w,anti,ccw,n,e
E,beta7,alpha5,split,opp,anti,ccw,w,n,anti,cw,w,s
E,beta1,alpha7,tog,opp,anti,ccw,n,e,anti,cw,n,w
E,beta5,alpha3,tog,opp,anti,ccw,s,w,anti,cw,s,e
E,beta3,alpha1,split,opp,anti,ccw,e,s,anti,cw,e,n

F,beta3,alpha5,split,opp,anti,cw,e,n,pro,cw,e,s
F,beta5,alpha7,tog,opp,anti,cw,s,e,pro,cw,s,w
F,beta7,alpha1,split,opp,anti,cw,w,s,pro,cw,w,n
F,beta1,alpha3,tog,opp,anti,cw,n,w,pro,cw,n,e
F,beta7,alpha5,split,opp,anti,ccw,w,n,pro,ccw,w,s
F,beta1,alpha7,tog,opp,anti,ccw,n,e,pro,ccw,n,w
F,beta5,alpha3,tog,opp,anti,ccw,s,w,pro,ccw,s,e
F,beta3,alpha1,split,opp,anti,ccw,e,s,pro,ccw,e,n

F,beta3,alpha5,split,opp,pro,ccw,e,n,anti,ccw,e,s
F,beta5,alpha7,tog,opp,pro,ccw,s,e,anti,ccw,s,w
F,beta7,alpha1,split,opp,pro,ccw,w,s,anti,ccw,w,n
F,beta1,alpha3,tog,opp,pro,ccw,n,w,anti,ccw,n,e
F,beta7,alpha5,split,opp,pro,cw,w,n,anti,cw,w,s
F,beta1,alpha7,tog,opp,pro,cw,n,e,anti,cw,n,w
F,beta5,alpha3,tog,opp,pro,cw,s,w,anti,cw,s,e
F,beta3,alpha1,split,opp,pro,cw,e,s,anti,cw,e,n

G,beta3,beta5,tog,same,pro,cw,e,s,pro,cw,e,s
G,beta5,beta7,tog,same,pro,cw,s,w,pro,cw,s,w
G,beta7,beta1,tog,same,pro,cw,w,n,pro,cw,w,n
G,beta1,beta3,tog,same,pro,cw,n,e,pro,cw,n,e
G,beta7,beta5,tog,same,pro,ccw,w,s,pro,ccw,w,s
G,beta1,beta7,tog,same,pro,ccw,n,w,pro,ccw,n,w
G,beta5,beta3,tog,same,pro,ccw,s,e,pro,ccw,s,e
G,beta3,beta1,tog,same,pro,ccw,e,n,pro,ccw,e,n

H,beta3,beta5,tog,same,anti,ccw,e,s,anti,ccw,e,s
H,beta5,beta7,tog,same,anti,ccw,s,w,anti,ccw,s,w
H,beta7,beta1,tog,same,anti,ccw,w,n,anti,ccw,w,n
H,beta1,beta3,tog,same,anti,ccw,n,e,anti,ccw,n,e
H,beta7,beta5,tog,same,anti,cw,w,s,anti,cw,w,s
H,beta1,beta7,tog,same,anti,cw,n,w,anti,cw,n,w
H,beta5,beta3,tog,same,anti,cw,s,e,anti,cw,s,e
H,beta3,beta1,tog,same,anti,cw,e,n,anti,cw,e,n

I,beta3,beta5,tog,same,anti,ccw,e,s,pro,cw,e,s
I,beta5,beta7,tog,same,anti,ccw,s,w,pro,cw,s,w
I,beta7,beta1,tog,same,anti,ccw,w,n,pro,cw,w,n
I,beta1,beta3,tog,same,anti,ccw,n,e,pro,cw,n,e
I,beta7,beta5,tog,same,anti,cw,w,s,pro,ccw,w,s
I,beta1,beta7,tog,same,anti,cw,n,w,pro,ccw,n,w
I,beta5,beta3,tog,same,anti,cw,s,e,pro,ccw,s,e
I,beta3,beta1,tog,same,anti,cw,e,n,pro,ccw,e,n

I,beta3,beta5,tog,same,pro,cw,e,s,anti,ccw,e,s
I,beta5,beta7,tog,same,pro,cw,s,w,anti,ccw,s,w
I,beta7,beta1,tog,same,pro,cw,w,n,anti,ccw,w,n
I,beta1,beta3,tog,same,pro,cw,n,e,anti,ccw,n,e
I,beta7,beta5,tog,same,pro,ccw,w,s,anti,cw,w,s
I,beta1,beta7,tog,same,pro,ccw,n,w,anti,cw,n,w
I,beta5,beta3,tog,same,pro,ccw,s,e,anti,cw,s,e
I,beta3,beta1,tog,same,pro,ccw,e,n,anti,cw,e,n

J,alpha3,beta5,tog,opp,pro,ccw,w,s,pro,cw,e,s
J,alpha5,beta7,split,opp,pro,ccw,n,w,pro,cw,s,w
J,alpha7,beta1,tog,opp,pro,ccw,e,n,pro,cw,w,n
J,alpha1,beta3,split,opp,pro,ccw,s,e,pro,cw,n,e
J,alpha7,beta5,tog,opp,pro,cw,e,s,pro,ccw,w,s
J,alpha1,beta7,split,opp,pro,cw,s,w,pro,ccw,n,w
J,alpha5,beta3,split,opp,pro,cw,n,e,pro,ccw,s,e
J,alpha3,beta1,tog,opp,pro,cw,w,n,pro,ccw,e,n

K,alpha3,beta5,tog,opp,anti,cw,w,s,anti,ccw,e,s
K,alpha5,beta7,split,opp,anti,cw,n,w,anti,ccw,s,w
K,alpha7,beta1,tog,opp,anti,cw,e,n,anti,ccw,w,n
K,alpha1,beta3,split,opp,anti,cw,s,e,anti,ccw,n,e
K,alpha7,beta5,tog,opp,anti,ccw,e,s,anti,cw,w,s
K,alpha1,beta7,split,opp,anti,ccw,s,w,anti,cw,n,w
K,alpha5,beta3,split,opp,anti,ccw,n,e,anti,cw,s,e
K,alpha3,beta1,tog,opp,anti,ccw,w,n,anti,cw,e,n

L,alpha3,beta5,tog,opp,anti,cw,w,s,pro,cw,e,s
L,alpha5,beta7,split,opp,anti,cw,n,w,pro,cw,s,w
L,alpha7,beta1,tog,opp,anti,cw,e,n,pro,cw,w,n
L,alpha1,beta3,split,opp,anti,cw,s,e,pro,cw,n,e
L,alpha7,beta5,tog,opp,anti,ccw,e,s,pro,ccw,w,s
L,alpha1,beta7,split,opp,anti,ccw,s,w,pro,ccw,n,w
L,alpha5,beta3,split,opp,anti,ccw,n,e,pro,ccw,s,e
L,alpha3,beta1,tog,opp,anti,ccw,w,n,pro,ccw,e,n

L,alpha3,beta5,tog,opp,pro,ccw,w,s,anti,ccw,e,s
L,alpha5,beta7,split,opp,pro,ccw,n,w,anti,ccw,s,w
L,alpha7,beta1,tog,opp,pro,ccw,e,n,anti,ccw,w,n
L,alpha1,beta3,split,opp,pro,ccw,s,e,anti,ccw,n,e
L,alpha7,beta5,tog,opp,pro,cw,e,s,anti,cw,w,s
L,alpha1,beta7,split,opp,pro,cw,s,w,anti,cw,n,w
L,alpha5,beta3,split,opp,pro,cw,n,e,anti,cw,s,e
L,alpha3,beta1,tog,opp,pro,cw,w,n,anti,cw,e,n

M,gamma3,gamma13,quarter,opp,pro,ccw,n,w,pro,cw,e,s
M,gamma5,gamma15,quarter,opp,pro,ccw,e,n,pro,cw,s,w
M,gamma7,gamma9,quarter,opp,pro,ccw,s,e,pro,cw,w,n
M,gamma1,gamma11,quarter,opp,pro,ccw,w,s,pro,cw,n,e
M,gamma13,gamma3,quarter,opp,pro,cw,w,n,pro,ccw,s,e
M,gamma15,gamma5,quarter,opp,pro,cw,n,e,pro,ccw,w,s
M,gamma9,gamma7,quarter,opp,pro,cw,e,s,pro,ccw,n,w
M,gamma11,gamma1,quarter,opp,pro,cw,s,w,pro,ccw,e,n

N,gamma3,gamma13,quarter,opp,anti,cw,n,w,anti,ccw,e,s
N,gamma5,gamma15,quarter,opp,anti,cw,e,n,anti,ccw,s,w
N,gamma7,gamma9,quarter,opp,anti,cw,s,e,anti,ccw,w,n
N,gamma1,gamma11,quarter,opp,anti,cw,w,s,anti,ccw,n,e
N,gamma15,gamma5,quarter,opp,anti,ccw,n,e,anti,cw,w,s
N,gamma9,gamma7,quarter,opp,anti,ccw,e,s,anti,cw,n,w
N,gamma13,gamma3,quarter,opp,anti,ccw,w,n,anti,cw,s,e
N,gamma11,gamma1,quarter,opp,anti,ccw,s,w,anti,cw,e,n

O,gamma3,gamma13,quarter,opp,anti,cw,n,w,pro,cw,e,s
O,gamma5,gamma15,quarter,opp,anti,cw,e,n,pro,cw,s,w
O,gamma7,gamma9,quarter,opp,anti,cw,s,e,pro,cw,w,n
O,gamma1,gamma11,quarter,opp,anti,cw,w,s,pro,cw,n,e
O,gamma15,gamma5,quarter,opp,anti,ccw,n,e,pro,ccw,w,s
O,gamma9,gamma7,quarter,opp,anti,ccw,e,s,pro,ccw,n,w
O,gamma13,gamma3,quarter,opp,anti,ccw,w,n,pro,ccw,s,e
O,gamma11,gamma1,quarter,opp,anti,ccw,s,w,pro,ccw,e,n

O,gamma3,gamma13,quarter,opp,pro,ccw,n,w,anti,ccw,e,s
O,gamma5,gamma15,quarter,opp,pro,ccw,e,n,anti,ccw,s,w
O,gamma7,gamma9,quarter,opp,pro,ccw,s,e,anti,ccw,w,n
O,gamma1,gamma11,quarter,opp,pro,ccw,w,s,anti,ccw,n,e
O,gamma15,gamma5,quarter,opp,pro,cw,n,e,anti,cw,w,s
O,gamma9,gamma7,quarter,opp,pro,cw,e,s,anti,cw,n,w
O,gamma13,gamma3,quarter,opp,pro,cw,w,n,anti,cw,s,e
O,gamma11,gamma1,quarter,opp,pro,cw,s,w,anti,cw,e,n

P,gamma11,gamma5,quarter,opp,pro,ccw,s,e,pro,cw,e,s
P,gamma13,gamma7,quarter,opp,pro,ccw,w,s,pro,cw,s,w
P,gamma15,gamma1,quarter,opp,pro,ccw,n,w,pro,cw,w,n
P,gamma9,gamma3,quarter,opp,pro,ccw,e,n,pro,cw,n,e
P,gamma7,gamma13,quarter,opp,pro,cw,s,w,pro,ccw,w,s
P,gamma1,gamma15,quarter,opp,pro,cw,w,n,pro,ccw,n,w
P,gamma5,gamma11,quarter,opp,pro,cw,e,s,pro,ccw,s,e
P,gamma3,gamma9,quarter,opp,pro,cw,n,e,pro,ccw,e,n

Q,gamma11,gamma5,quarter,opp,anti,cw,s,e,anti,ccw,e,s
Q,gamma13,gamma7,quarter,opp,anti,cw,w,s,anti,ccw,s,w
Q,gamma15,gamma1,quarter,opp,anti,cw,n,w,anti,ccw,w,n
Q,gamma9,gamma3,quarter,opp,anti,cw,e,n,anti,ccw,n,e
Q,gamma7,gamma13,quarter,opp,anti,ccw,s,w,anti,cw,w,s
Q,gamma1,gamma15,quarter,opp,anti,ccw,w,n,anti,cw,n,w
Q,gamma5,gamma11,quarter,opp,anti,ccw,e,s,anti,cw,s,e
Q,gamma3,gamma9,quarter,opp,anti,ccw,n,e,anti,cw,e,n

R,gamma11,gamma5,quarter,opp,anti,cw,s,e,pro,cw,e,s
R,gamma13,gamma7,quarter,opp,anti,cw,w,s,pro,cw,s,w
R,gamma15,gamma1,quarter,opp,anti,cw,n,w,pro,cw,w,n
R,gamma9,gamma3,quarter,opp,anti,cw,e,n,pro,cw,n,e
R,gamma7,gamma13,quarter,opp,anti,ccw,s,w,pro,ccw,w,s
R,gamma1,gamma15,quarter,opp,anti,ccw,w,n,pro,ccw,n,w
R,gamma5,gamma11,quarter,opp,anti,ccw,e,s,pro,ccw,s,e
R,gamma3,gamma9,quarter,opp,anti,ccw,n,e,pro,ccw,e,n

R,gamma11,gamma5,quarter,opp,pro,ccw,s,e,anti,ccw,e,s
R,gamma13,gamma7,quarter,opp,pro,ccw,w,s,anti,ccw,s,w
R,gamma15,gamma1,quarter,opp,pro,ccw,n,w,anti,ccw,w,n
R,gamma9,gamma3,quarter,opp,pro,ccw,e,n,anti,ccw,n,e
R,gamma7,gamma13,quarter,opp,pro,cw,s,w,anti,cw,w,s
R,gamma1,gamma15,quarter,opp,pro,cw,w,n,anti,cw,n,w
R,gamma5,gamma11,quarter,opp,pro,cw,e,s,anti,cw,s,e
R,gamma3,gamma9,quarter,opp,pro,cw,n,e,anti,cw,e,n

S,gamma3,gamma5,quarter,same,pro,cw,n,e,pro,cw,e,s
S,gamma5,gamma7,quarter,same,pro,cw,e,s,pro,cw,s,w
S,gamma7,gamma1,quarter,same,pro,cw,s,w,pro,cw,w,n
S,gamma1,gamma3,quarter,same,pro,cw,w,n,pro,cw,n,e
S,gamma15,gamma13,quarter,same,pro,ccw,n,w,pro,ccw,w,s
S,gamma9,gamma15,quarter,same,pro,ccw,e,n,pro,ccw,n,w
S,gamma13,gamma11,quarter,same,pro,ccw,w,s,pro,ccw,s,e
S,gamma11,gamma9,quarter,same,pro,ccw,s,e,pro,ccw,e,n

S,gamma11,gamma13,quarter,same,pro,cw,s,w,pro,cw,e,s
S,gamma13,gamma15,quarter,same,pro,cw,w,n,pro,cw,s,w
S,gamma15,gamma9,quarter,same,pro,cw,n,e,pro,cw,w,n
S,gamma9,gamma11,quarter,same,pro,cw,e,s,pro,cw,n,e
S,gamma7,gamma5,quarter,same,pro,ccw,s,e,pro,ccw,w,s
S,gamma1,gamma7,quarter,same,pro,ccw,w,s,pro,ccw,n,w
S,gamma5,gamma3,quarter,same,pro,ccw,e,n,pro,ccw,s,e
S,gamma3,gamma1,quarter,same,pro,ccw,n,w,pro,ccw,e,n

T,gamma3,gamma5,quarter,same,anti,ccw,n,e,anti,ccw,e,s
T,gamma5,gamma7,quarter,same,anti,ccw,e,s,anti,ccw,s,w
T,gamma7,gamma1,quarter,same,anti,ccw,s,w,anti,ccw,w,n
T,gamma1,gamma3,quarter,same,anti,ccw,w,n,anti,ccw,n,e
T,gamma15,gamma13,quarter,same,anti,cw,n,w,anti,cw,w,s
T,gamma9,gamma15,quarter,same,anti,cw,e,n,anti,cw,n,w
T,gamma13,gamma11,quarter,same,anti,cw,w,s,anti,cw,s,e
T,gamma11,gamma9,quarter,same,anti,cw,s,e,anti,cw,e,n

T,gamma11,gamma13,quarter,same,anti,ccw,s,w,anti,ccw,e,s
T,gamma13,gamma15,quarter,same,anti,ccw,w,n,anti,ccw,s,w
T,gamma15,gamma9,quarter,same,anti,ccw,n,e,anti,ccw,w,n
T,gamma9,gamma11,quarter,same,anti,ccw,e,s,anti,ccw,n,e
T,gamma7,gamma5,quarter,same,anti,cw,s,e,anti,cw,w,s
T,gamma1,gamma7,quarter,same,anti,cw,w,s,anti,cw,n,w
T,gamma5,gamma3,quarter,same,anti,cw,e,n,anti,cw,s,e
T,gamma3,gamma1,quarter,same,anti,cw,n,w,anti,cw,e,n

U,gamma11,gamma13,quarter,same,pro,cw,s,w,anti,ccw,e,s
U,gamma13,gamma15,quarter,same,pro,cw,w,n,anti,ccw,s,w
U,gamma15,gamma9,quarter,same,pro,cw,n,e,anti,ccw,w,n
U,gamma9,gamma11,quarter,same,pro,cw,e,s,anti,ccw,n,e
U,gamma3,gamma5,quarter,same,anti,ccw,n,e,pro,cw,e,s
U,gamma5,gamma7,quarter,same,anti,ccw,e,s,pro,cw,s,w
U,gamma7,gamma1,quarter,same,anti,ccw,s,w,pro,cw,w,n
U,gamma1,gamma3,quarter,same,anti,ccw,w,n,pro,cw,n,e

U,gamma7,gamma5,quarter,same,pro,ccw,s,e,anti,cw,w,s
U,gamma1,gamma7,quarter,same,pro,ccw,w,s,anti,cw,n,w
U,gamma5,gamma3,quarter,same,pro,ccw,e,n,anti,cw,s,e
U,gamma3,gamma1,quarter,same,pro,ccw,n,w,anti,cw,e,n
U,gamma15,gamma13,quarter,same,anti,cw,n,w,pro,ccw,w,s
U,gamma9,gamma15,quarter,same,anti,cw,e,n,pro,ccw,n,w
U,gamma13,gamma11,quarter,same,anti,cw,w,s,pro,ccw,s,e
U,gamma11,gamma9,quarter,same,anti,cw,s,e,pro,ccw,e,n

V,gamma11,gamma13,quarter,same,anti,ccw,s,w,pro,cw,e,s
V,gamma13,gamma15,quarter,same,anti,ccw,w,n,pro,cw,s,w
V,gamma15,gamma9,quarter,same,anti,ccw,n,e,pro,cw,w,n
V,gamma9,gamma11,quarter,same,anti,ccw,e,s,pro,cw,n,e
V,gamma3,gamma5,quarter,same,pro,cw,n,e,anti,ccw,e,s
V,gamma5,gamma7,quarter,same,pro,cw,e,s,anti,ccw,s,w
V,gamma7,gamma1,quarter,same,pro,cw,s,w,anti,ccw,w,n
V,gamma1,gamma3,quarter,same,pro,cw,w,n,anti,ccw,n,e

V,gamma7,gamma5,quarter,same,anti,cw,s,e,pro,ccw,w,s
V,gamma1,gamma7,quarter,same,anti,cw,w,s,pro,ccw,n,w
V,gamma5,gamma3,quarter,same,anti,cw,e,n,pro,ccw,s,e
V,gamma3,gamma1,quarter,same,anti,cw,n,w,pro,ccw,e,n
V,gamma15,gamma13,quarter,same,pro,ccw,n,w,anti,cw,w,s
V,gamma9,gamma15,quarter,same,pro,ccw,e,n,anti,cw,n,w
V,gamma13,gamma11,quarter,same,pro,ccw,w,s,anti,cw,s,e
V,gamma11,gamma9,quarter,same,pro,ccw,s,e,anti,cw,e,n

W,gamma3,alpha5,none,none,static,noRotation,n,n,pro,cw,e,s
W,gamma5,alpha7,none,none,static,noRotation,e,e,pro,cw,s,w
W,gamma7,alpha1,none,none,static,noRotation,s,s,pro,cw,w,n
W,gamma1,alpha3,none,none,static,noRotation,w,w,pro,cw,n,e
W,gamma15,alpha5,none,none,static,noRotation,n,n,pro,ccw,w,s
W,gamma9,alpha7,none,none,static,noRotation,e,e,pro,ccw,n,w
W,gamma13,alpha3,none,none,static,noRotation,w,w,pro,ccw,s,e
W,gamma11,alpha1,none,none,static,noRotation,s,s,pro,ccw,e,n

W,gamma9,alpha1,none,none,pro,cw,e,s,static,noRotation,n,n
W,gamma11,alpha3,none,none,pro,cw,s,w,static,noRotation,e,e
W,gamma13,alpha5,none,none,pro,cw,w,n,static,noRotation,s,s
W,gamma15,alpha7,none,none,pro,cw,n,e,static,noRotation,w,w
W,gamma1,alpha1,none,none,pro,ccw,w,s,static,noRotation,n,n
W,gamma3,alpha3,none,none,pro,ccw,n,w,static,noRotation,e,e
W,gamma7,alpha7,none,none,pro,ccw,s,e,static,noRotation,w,w
W,gamma5,alpha5,none,none,pro,ccw,e,n,static,noRotation,s,s

X,gamma3,alpha5,none,none,static,noRotation,n,n,anti,ccw,e,s
X,gamma5,alpha7,none,none,static,noRotation,e,e,anti,ccw,s,w
X,gamma7,alpha1,none,none,static,noRotation,s,s,anti,ccw,w,n
X,gamma1,alpha3,none,none,static,noRotation,w,w,anti,ccw,n,e
X,gamma15,alpha5,none,none,static,noRotation,n,n,anti,cw,w,s
X,gamma9,alpha7,none,none,static,noRotation,e,e,anti,cw,n,w
X,gamma13,alpha3,none,none,static,noRotation,w,w,anti,cw,s,e
X,gamma11,alpha1,none,none,static,noRotation,s,s,anti,cw,e,n

X,gamma9,alpha1,none,none,anti,ccw,e,s,static,noRotation,n,n
X,gamma11,alpha3,none,none,anti,ccw,s,w,static,noRotation,e,e
X,gamma13,alpha5,none,none,anti,ccw,w,n,static,noRotation,s,s
X,gamma15,alpha7,none,none,anti,ccw,n,e,static,noRotation,w,w
X,gamma1,alpha1,none,none,anti,cw,w,s,static,noRotation,n,n
X,gamma3,alpha3,none,none,anti,cw,n,w,static,noRotation,e,e
X,gamma7,alpha7,none,none,anti,cw,s,e,static,noRotation,w,w
X,gamma5,alpha5,none,none,anti,cw,e,n,static,noRotation,s,s

Y,gamma11,beta5,none,none,static,noRotation,s,s,pro,cw,e,s
Y,gamma13,beta7,none,none,static,noRotation,w,w,pro,cw,s,w
Y,gamma15,beta1,none,none,static,noRotation,n,n,pro,cw,w,n
Y,gamma9,beta3,none,none,static,noRotation,e,e,pro,cw,n,e
Y,gamma7,beta5,none,none,static,noRotation,s,s,pro,ccw,w,s
Y,gamma1,beta7,none,none,static,noRotation,w,w,pro,ccw,n,w
Y,gamma5,beta3,none,none,static,noRotation,e,e,pro,ccw,s,e
Y,gamma3,beta1,none,none,static,noRotation,n,n,pro,ccw,e,n

Y,gamma5,beta5,none,none,pro,cw,e,s,static,noRotation,s,s
Y,gamma7,beta7,none,none,pro,cw,s,w,static,noRotation,w,w
Y,gamma1,beta1,none,none,pro,cw,w,n,static,noRotation,n,n
Y,gamma3,beta3,none,none,pro,cw,n,e,static,noRotation,e,e
Y,gamma13,beta5,none,none,pro,ccw,w,s,static,noRotation,s,s
Y,gamma15,beta7,none,none,pro,ccw,n,w,static,noRotation,w,w
Y,gamma11,beta3,none,none,pro,ccw,s,e,static,noRotation,e,e
Y,gamma9,beta1,none,none,pro,ccw,e,n,static,noRotation,n,n

Z,gamma11,beta5,none,none,static,noRotation,s,s,anti,ccw,e,s
Z,gamma13,beta7,none,none,static,noRotation,w,w,anti,ccw,s,w
Z,gamma15,beta1,none,none,static,noRotation,n,n,anti,ccw,w,n
Z,gamma9,beta3,none,none,static,noRotation,e,e,anti,ccw,n,e
Z,gamma7,beta5,none,none,static,noRotation,s,s,anti,cw,w,s
Z,gamma1,beta7,none,none,static,noRotation,w,w,anti,cw,n,w
Z,gamma5,beta3,none,none,static,noRotation,e,e,anti,cw,s,e
Z,gamma3,beta1,none,none,static,noRotation,n,n,anti,cw,e,n

Z,gamma5,beta5,none,none,anti,ccw,e,s,static,noRotation,s,s
Z,gamma7,beta7,none,none,anti,ccw,s,w,static,noRotation,w,w
Z,gamma1,beta1,none,none,anti,ccw,w,n,static,noRotation,n,n
Z,gamma3,beta3,none,none,anti,ccw,n,e,static,noRotation,e,e
Z,gamma13,beta5,none,none,anti,cw,w,s,static,noRotation,s,s
Z,gamma15,beta7,none,none,anti,cw,n,w,static,noRotation,w,w
Z,gamma11,beta3,none,none,anti,cw,s,e,static,noRotation,e,e
Z,gamma9,beta1,none,none,anti,cw,e,n,static,noRotation,n,n

Σ,alpha3,gamma13,none,none,static,noRotation,w,w,pro,cw,e,s
Σ,alpha5,gamma15,none,none,static,noRotation,n,n,pro,cw,s,w
Σ,alpha7,gamma9,none,none,static,noRotation,e,e,pro,cw,w,n
Σ,alpha1,gamma11,none,none,static,noRotation,s,s,pro,cw,n,e
Σ,alpha7,gamma5,none,none,static,noRotation,e,e,pro,ccw,w,s
Σ,alpha1,gamma7,none,none,static,noRotation,s,s,pro,ccw,n,w
Σ,alpha5,gamma3,none,none,static,noRotation,n,n,pro,ccw,s,e
Σ,alpha3,gamma1,none,none,static,noRotation,w,w,pro,ccw,e,n

Σ,alpha7,gamma7,none,none,pro,cw,e,s,static,noRotation,w,w
Σ,alpha1,gamma1,none,none,pro,cw,s,w,static,noRotation,n,n
Σ,alpha3,gamma3,none,none,pro,cw,w,n,static,noRotation,e,e
Σ,alpha5,gamma5,none,none,pro,cw,n,e,static,noRotation,s,s
Σ,alpha3,gamma11,none,none,pro,ccw,w,s,static,noRotation,e,e
Σ,alpha5,gamma13,none,none,pro,ccw,n,w,static,noRotation,s,s
Σ,alpha1,gamma9,none,none,pro,ccw,s,e,static,noRotation,n,n
Σ,alpha7,gamma15,none,none,pro,ccw,e,n,static,noRotation,w,w

Δ,alpha3,gamma13,none,none,static,noRotation,w,w,anti,ccw,e,s
Δ,alpha5,gamma15,none,none,static,noRotation,n,n,anti,ccw,s,w
Δ,alpha7,gamma9,none,none,static,noRotation,e,e,anti,ccw,w,n
Δ,alpha1,gamma11,none,none,static,noRotation,s,s,anti,ccw,n,e
Δ,alpha7,gamma5,none,none,static,noRotation,e,e,anti,cw,w,s
Δ,alpha1,gamma7,none,none,static,noRotation,s,s,anti,cw,n,w
Δ,alpha5,gamma3,none,none,static,noRotation,n,n,anti,cw,s,e
Δ,alpha3,gamma1,none,none,static,noRotation,w,w,anti,cw,e,n

Δ,alpha7,gamma7,none,none,anti,ccw,e,s,static,noRotation,w,w
Δ,alpha1,gamma1,none,none,anti,ccw,s,w,static,noRotation,n,n
Δ,alpha3,gamma3,none,none,anti,ccw,w,n,static,noRotation,e,e
Δ,alpha5,gamma5,none,none,anti,ccw,n,e,static,noRotation,s,s
Δ,alpha3,gamma11,none,none,anti,cw,w,s,static,noRotation,e,e
Δ,alpha5,gamma13,none,none,anti,cw,n,w,static,noRotation,s,s
Δ,alpha1,gamma9,none,none,anti,cw,s,e,static,noRotation,n,n
Δ,alpha7,gamma15,none,none,anti,cw,e,n,static,noRotation,w,w

θ,beta3,gamma5,none,none,static,noRotation,e,e,pro,cw,e,s
θ,beta5,gamma7,none,none,static,noRotation,s,s,pro,cw,s,w
θ,beta7,gamma1,none,none,static,noRotation,w,w,pro,cw,w,n
θ,beta1,gamma3,none,none,static,noRotation,n,n,pro,cw,n,e
θ,beta7,gamma13,none,none,static,noRotation,w,w,pro,ccw,w,s
θ,beta1,gamma15,none,none,static,noRotation,n,n,pro,ccw,n,w
θ,beta5,gamma11,none,none,static,noRotation,s,s,pro,ccw,s,e
θ,beta3,gamma9,none,none,static,noRotation,e,e,pro,ccw,e,n

θ,beta3,gamma11,none,none,pro,cw,e,s,static,noRotation,e,e
θ,beta5,gamma13,none,none,pro,cw,s,w,static,noRotation,s,s
θ,beta7,gamma15,none,none,pro,cw,w,n,static,noRotation,w,w
θ,beta1,gamma9,none,none,pro,cw,n,e,static,noRotation,n,n
θ,beta7,gamma7,none,none,pro,ccw,w,s,static,noRotation,w,w
θ,beta1,gamma1,none,none,pro,ccw,n,w,static,noRotation,n,n
θ,beta5,gamma5,none,none,pro,ccw,s,e,static,noRotation,s,s
θ,beta3,gamma3,none,none,pro,ccw,e,n,static,noRotation,e,e

Ω,beta3,gamma5,none,none,static,noRotation,e,e,anti,ccw,e,s
Ω,beta5,gamma7,none,none,static,noRotation,s,s,anti,ccw,s,w
Ω,beta7,gamma1,none,none,static,noRotation,w,w,anti,ccw,w,n
Ω,beta1,gamma3,none,none,static,noRotation,n,n,anti,ccw,n,e
Ω,beta7,gamma13,none,none,static,noRotation,w,w,anti,cw,w,s
Ω,beta1,gamma15,none,none,static,noRotation,n,n,anti,cw,n,w
Ω,beta5,gamma11,none,none,static,noRotation,s,s,anti,cw,s,e
Ω,beta3,gamma9,none,none,static,noRotation,e,e,anti,cw,e,n

Ω,beta3,gamma11,none,none,anti,ccw,e,s,static,noRotation,e,e
Ω,beta5,gamma13,none,none,anti,ccw,s,w,static,noRotation,s,s
Ω,beta7,gamma15,none,none,anti,ccw,w,n,static,noRotation,w,w
Ω,beta1,gamma9,none,none,anti,ccw,n,e,static,noRotation,n,n
Ω,beta7,gamma7,none,none,anti,cw,w,s,static,noRotation,w,w
Ω,beta1,gamma1,none,none,anti,cw,n,w,static,noRotation,n,n
Ω,beta5,gamma5,none,none,anti,cw,s,e,static,noRotation,s,s
Ω,beta3,gamma3,none,none,anti,cw,e,n,static,noRotation,e,e

W-,gamma11,alpha5,none,none,dash,noRotation,s,n,pro,cw,e,s
W-,gamma13,alpha7,none,none,dash,noRotation,w,e,pro,cw,s,w
W-,gamma15,alpha1,none,none,dash,noRotation,n,s,pro,cw,w,n
W-,gamma9,alpha3,none,none,dash,noRotation,e,w,pro,cw,n,e
W-,gamma7,alpha5,none,none,dash,noRotation,s,n,pro,ccw,w,s
W-,gamma1,alpha7,none,none,dash,noRotation,w,e,pro,ccw,n,w
W-,gamma5,alpha3,none,none,dash,noRotation,e,w,pro,ccw,s,e
W-,gamma3,alpha1,none,none,dash,noRotation,n,s,pro,ccw,e,n

W-,gamma5,alpha1,none,none,pro,cw,e,s,dash,noRotation,s,n
W-,gamma7,alpha3,none,none,pro,cw,s,w,dash,noRotation,w,e
W-,gamma1,alpha5,none,none,pro,cw,w,n,dash,noRotation,n,s
W-,gamma3,alpha7,none,none,pro,cw,n,e,dash,noRotation,e,w
W-,gamma13,alpha1,none,none,pro,ccw,w,s,dash,noRotation,s,n
W-,gamma15,alpha3,none,none,pro,ccw,n,w,dash,noRotation,w,e
W-,gamma11,alpha7,none,none,pro,ccw,s,e,dash,noRotation,e,w
W-,gamma9,alpha5,none,none,pro,ccw,e,n,dash,noRotation,n,s

X-,gamma11,alpha5,none,none,dash,noRotation,s,n,anti,ccw,e,s
X-,gamma13,alpha7,none,none,dash,noRotation,w,e,anti,ccw,s,w
X-,gamma15,alpha1,none,none,dash,noRotation,n,s,anti,ccw,w,n
X-,gamma9,alpha3,none,none,dash,noRotation,e,w,anti,ccw,n,e
X-,gamma7,alpha5,none,none,dash,noRotation,s,n,anti,cw,w,s
X-,gamma1,alpha7,none,none,dash,noRotation,w,e,anti,cw,n,w
X-,gamma5,alpha3,none,none,dash,noRotation,e,w,anti,cw,s,e
X-,gamma3,alpha1,none,none,dash,noRotation,n,s,anti,cw,e,n

X-,gamma5,alpha1,none,none,anti,ccw,e,s,dash,noRotation,s,n
X-,gamma7,alpha3,none,none,anti,ccw,s,w,dash,noRotation,w,e
X-,gamma1,alpha5,none,none,anti,ccw,w,n,dash,noRotation,n,s
X-,gamma3,alpha7,none,none,anti,ccw,n,e,dash,noRotation,e,w
X-,gamma13,alpha1,none,none,anti,cw,w,s,dash,noRotation,s,n
X-,gamma15,alpha3,none,none,anti,cw,n,w,dash,noRotation,w,e
X-,gamma11,alpha7,none,none,anti,cw,s,e,dash,noRotation,e,w
X-,gamma9,alpha5,none,none,anti,cw,e,n,dash,noRotation,n,s

Y-,gamma3,beta5,none,none,dash,noRotation,n,s,pro,cw,e,s
Y-,gamma5,beta7,none,none,dash,noRotation,e,w,pro,cw,s,w
Y-,gamma7,beta1,none,none,dash,noRotation,s,n,pro,cw,w,n
Y-,gamma1,beta3,none,none,dash,noRotation,w,e,pro,cw,n,e
Y-,gamma15,beta5,none,none,dash,noRotation,n,s,pro,ccw,w,s
Y-,gamma9,beta7,none,none,dash,noRotation,e,w,pro,ccw,n,w
Y-,gamma13,beta3,none,none,dash,noRotation,w,e,pro,ccw,s,e
Y-,gamma11,beta1,none,none,dash,noRotation,s,n,pro,ccw,e,n

Y-,gamma9,beta5,none,none,pro,cw,e,s,dash,noRotation,n,s
Y-,gamma11,beta7,none,none,pro,cw,s,w,dash,noRotation,e,w
Y-,gamma13,beta1,none,none,pro,cw,w,n,dash,noRotation,s,n
Y-,gamma15,beta3,none,none,pro,cw,n,e,dash,noRotation,w,e
Y-,gamma1,beta5,none,none,pro,ccw,w,s,dash,noRotation,n,s
Y-,gamma3,beta7,none,none,pro,ccw,n,w,dash,noRotation,e,w
Y-,gamma7,beta3,none,none,pro,ccw,s,e,dash,noRotation,w,e
Y-,gamma5,beta1,none,none,pro,ccw,e,n,dash,noRotation,s,n

Z-,gamma3,beta5,none,none,dash,noRotation,n,s,anti,ccw,e,s
Z-,gamma5,beta7,none,none,dash,noRotation,e,w,anti,ccw,s,w
Z-,gamma7,beta1,none,none,dash,noRotation,s,n,anti,ccw,w,n
Z-,gamma1,beta3,none,none,dash,noRotation,w,e,anti,ccw,n,e
Z-,gamma15,beta5,none,none,dash,noRotation,n,s,anti,cw,w,s
Z-,gamma9,beta7,none,none,dash,noRotation,e,w,anti,cw,n,w
Z-,gamma13,beta3,none,none,dash,noRotation,w,e,anti,cw,s,e
Z-,gamma11,beta1,none,none,dash,noRotation,s,n,anti,cw,e,n

Z-,gamma9,beta5,none,none,anti,ccw,e,s,dash,noRotation,n,s
Z-,gamma11,beta7,none,none,anti,ccw,s,w,dash,noRotation,e,w
Z-,gamma13,beta1,none,none,anti,ccw,w,n,dash,noRotation,s,n
Z-,gamma15,beta3,none,none,anti,ccw,n,e,dash,noRotation,w,e
Z-,gamma1,beta5,none,none,anti,cw,w,s,dash,noRotation,n,s
Z-,gamma3,beta7,none,none,anti,cw,n,w,dash,noRotation,e,w
Z-,gamma7,beta3,none,none,anti,cw,s,e,dash,noRotation,w,e
Z-,gamma5,beta1,none,none,anti,cw,e,n,dash,noRotation,s,n

Σ-,beta3,gamma13,none,none,dash,noRotation,e,w,pro,cw,e,s
Σ-,beta5,gamma15,none,none,dash,noRotation,s,n,pro,cw,s,w
Σ-,beta7,gamma9,none,none,dash,noRotation,w,e,pro,cw,w,n
Σ-,beta1,gamma11,none,none,dash,noRotation,n,s,pro,cw,n,e
Σ-,beta7,gamma5,none,none,dash,noRotation,w,e,pro,ccw,w,s
Σ-,beta1,gamma7,none,none,dash,noRotation,n,s,pro,ccw,n,w
Σ-,beta5,gamma3,none,none,dash,noRotation,s,n,pro,ccw,s,e
Σ-,beta3,gamma1,none,none,dash,noRotation,e,w,pro,ccw,e,n

Σ-,beta3,gamma7,none,none,pro,cw,e,s,dash,noRotation,e,w
Σ-,beta5,gamma1,none,none,pro,cw,s,w,dash,noRotation,s,n
Σ-,beta7,gamma3,none,none,pro,cw,w,n,dash,noRotation,w,e
Σ-,beta1,gamma5,none,none,pro,cw,n,e,dash,noRotation,n,s
Σ-,beta7,gamma11,none,none,pro,ccw,w,s,dash,noRotation,w,e
Σ-,beta1,gamma13,none,none,pro,ccw,n,w,dash,noRotation,n,s
Σ-,beta5,gamma9,none,none,pro,ccw,s,e,dash,noRotation,s,n
Σ-,beta3,gamma15,none,none,pro,ccw,e,n,dash,noRotation,e,w

Δ-,beta3,gamma13,none,none,dash,noRotation,e,w,anti,ccw,e,s
Δ-,beta5,gamma15,none,none,dash,noRotation,s,n,anti,ccw,s,w
Δ-,beta7,gamma9,none,none,dash,noRotation,w,e,anti,ccw,w,n
Δ-,beta1,gamma11,none,none,dash,noRotation,n,s,anti,ccw,n,e
Δ-,beta7,gamma5,none,none,dash,noRotation,w,e,anti,cw,w,s
Δ-,beta1,gamma7,none,none,dash,noRotation,n,s,anti,cw,n,w
Δ-,beta5,gamma3,none,none,dash,noRotation,s,n,anti,cw,s,e
Δ-,beta3,gamma1,none,none,dash,noRotation,e,w,anti,cw,e,n

Δ-,beta3,gamma7,none,none,anti,ccw,e,s,dash,noRotation,e,w
Δ-,beta5,gamma1,none,none,anti,ccw,s,w,dash,noRotation,s,n
Δ-,beta7,gamma3,none,none,anti,ccw,w,n,dash,noRotation,w,e
Δ-,beta1,gamma5,none,none,anti,ccw,n,e,dash,noRotation,n,s
Δ-,beta7,gamma11,none,none,anti,cw,w,s,dash,noRotation,w,e
Δ-,beta1,gamma13,none,none,anti,cw,n,w,dash,noRotation,n,s
Δ-,beta5,gamma9,none,none,anti,cw,s,e,dash,noRotation,s,n
Δ-,beta3,gamma15,none,none,anti,cw,e,n,dash,noRotation,e,w

θ-,alpha3,gamma5,none,none,dash,noRotation,w,e,pro,cw,e,s
θ-,alpha5,gamma7,none,none,dash,noRotation,n,s,pro,cw,s,w
θ-,alpha7,gamma1,none,none,dash,noRotation,e,w,pro,cw,w,n
θ-,alpha1,gamma3,none,none,dash,noRotation,s,n,pro,cw,n,e
θ-,alpha7,gamma13,none,none,dash,noRotation,e,w,pro,ccw,w,s
θ-,alpha1,gamma15,none,none,dash,noRotation,s,n,pro,ccw,n,w
θ-,alpha5,gamma11,none,none,dash,noRotation,n,s,pro,ccw,s,e
θ-,alpha3,gamma9,none,none,dash,noRotation,w,e,pro,ccw,e,n

θ-,alpha7,gamma11,none,none,pro,cw,e,s,dash,noRotation,w,e
θ-,alpha1,gamma13,none,none,pro,cw,s,w,dash,noRotation,n,s
θ-,alpha3,gamma15,none,none,pro,cw,w,n,dash,noRotation,e,w
θ-,alpha5,gamma9,none,none,pro,cw,n,e,dash,noRotation,s,n
θ-,alpha3,gamma7,none,none,pro,ccw,w,s,dash,noRotation,e,w
θ-,alpha5,gamma1,none,none,pro,ccw,n,w,dash,noRotation,s,n
θ-,alpha1,gamma5,none,none,pro,ccw,s,e,dash,noRotation,n,s
θ-,alpha7,gamma3,none,none,pro,ccw,e,n,dash,noRotation,w,e

Ω-,alpha3,gamma5,none,none,dash,noRotation,w,e,anti,ccw,e,s
Ω-,alpha5,gamma7,none,none,dash,noRotation,n,s,anti,ccw,s,w
Ω-,alpha7,gamma1,none,none,dash,noRotation,e,w,anti,ccw,w,n
Ω-,alpha1,gamma3,none,none,dash,noRotation,s,n,anti,ccw,n,e
Ω-,alpha7,gamma13,none,none,dash,noRotation,e,w,anti,cw,w,s
Ω-,alpha1,gamma15,none,none,dash,noRotation,s,n,anti,cw,n,w
Ω-,alpha5,gamma11,none,none,dash,noRotation,n,s,anti,cw,s,e
Ω-,alpha3,gamma9,none,none,dash,noRotation,w,e,anti,cw,e,n

Ω-,alpha7,gamma11,none,none,anti,ccw,e,s,dash,noRotation,w,e
Ω-,alpha1,gamma13,none,none,anti,ccw,s,w,dash,noRotation,n,s
Ω-,alpha3,gamma15,none,none,anti,ccw,w,n,dash,noRotation,e,w
Ω-,alpha5,gamma9,none,none,anti,ccw,n,e,dash,noRotation,s,n
Ω-,alpha3,gamma7,none,none,anti,cw,w,s,dash,noRotation,e,w
Ω-,alpha5,gamma1,none,none,anti,cw,n,w,dash,noRotation,s,n
Ω-,alpha1,gamma5,none,none,anti,cw,s,e,dash,noRotation,n,s
Ω-,alpha7,gamma3,none,none,anti,cw,e,n,dash,noRotation,w,e

Φ,beta3,alpha7,none,none,static,noRotation,e,e,dash,noRotation,e,w
Φ,beta1,alpha5,none,none,static,noRotation,n,n,dash,noRotation,n,s
Φ,beta7,alpha3,none,none,static,noRotation,w,w,dash,noRotation,w,e
Φ,beta5,alpha1,none,none,static,noRotation,s,s,dash,noRotation,s,n
Φ,beta3,alpha3,none,none,dash,noRotation,e,w,static,noRotation,e,e
Φ,beta1,alpha1,none,none,dash,noRotation,n,s,static,noRotation,n,n
Φ,beta7,alpha7,none,none,dash,noRotation,w,e,static,noRotation,w,w
Φ,beta5,alpha5,none,none,dash,noRotation,s,n,static,noRotation,s,s

Ψ,alpha3,beta7,none,none,static,noRotation,w,w,dash,noRotation,e,w
Ψ,alpha1,beta5,none,none,static,noRotation,s,s,dash,noRotation,n,s
Ψ,alpha7,beta3,none,none,static,noRotation,e,e,dash,noRotation,w,e
Ψ,alpha5,beta1,none,none,static,noRotation,n,n,dash,noRotation,s,n
Ψ,alpha7,beta7,none,none,dash,noRotation,e,w,static,noRotation,w,w
Ψ,alpha5,beta5,none,none,dash,noRotation,n,s,static,noRotation,s,s
Ψ,alpha3,beta3,none,none,dash,noRotation,w,e,static,noRotation,e,e
Ψ,alpha1,beta1,none,none,dash,noRotation,s,n,static,noRotation,n,n

Λ,gamma3,gamma15,none,none,static,noRotation,n,n,dash,noRotation,e,w
Λ,gamma9,gamma1,none,none,dash,noRotation,e,w,static,noRotation,n,n
Λ,gamma11,gamma7,none,none,static,noRotation,s,s,dash,noRotation,e,w
Λ,gamma5,gamma13,none,none,dash,noRotation,e,w,static,noRotation,s,s
Λ,gamma9,gamma5,none,none,static,noRotation,e,e,dash,noRotation,n,s
Λ,gamma3,gamma11,none,none,dash,noRotation,n,s,static,noRotation,e,e
Λ,gamma1,gamma13,none,none,static,noRotation,w,w,dash,noRotation,n,s
Λ,gamma15,gamma7,none,none,dash,noRotation,n,s,static,noRotation,w,w

Λ,gamma15,gamma3,none,none,static,noRotation,n,n,dash,noRotation,w,e
Λ,gamma1,gamma9,none,none,dash,noRotation,w,e,static,noRotation,n,n
Λ,gamma7,gamma11,none,none,static,noRotation,s,s,dash,noRotation,w,e
Λ,gamma13,gamma5,none,none,dash,noRotation,w,e,static,noRotation,s,s
Λ,gamma5,gamma9,none,none,static,noRotation,e,e,dash,noRotation,s,n
Λ,gamma11,gamma3,none,none,dash,noRotation,s,n,static,noRotation,e,e
Λ,gamma13,gamma1,none,none,static,noRotation,w,w,dash,noRotation,s,n
Λ,gamma7,gamma15,none,none,dash,noRotation,s,n,static,noRotation,w,w

Φ-,alpha3,alpha7,none,none,dash,noRotation,w,e,dash,noRotation,e,w
Φ-,alpha1,alpha5,none,none,dash,noRotation,s,n,dash,noRotation,n,s
Φ-,alpha7,alpha3,none,none,dash,noRotation,e,w,dash,noRotation,w,e
Φ-,alpha5,alpha1,none,none,dash,noRotation,n,s,dash,noRotation,s,n

Ψ-,beta3,beta7,none,none,dash,noRotation,e,w,dash,noRotation,e,w
Ψ-,beta1,beta5,none,none,dash,noRotation,n,s,dash,noRotation,n,s
Ψ-,beta7,beta3,none,none,dash,noRotation,w,e,dash,noRotation,w,e
Ψ-,beta5,beta1,none,none,dash,noRotation,s,n,dash,noRotation,s,n

Λ-,gamma3,gamma7,none,none,dash,noRotation,n,s,dash,noRotation,e,w
Λ-,gamma11,gamma15,none,none,dash,noRotation,s,n,dash,noRotation,e,w
Λ-,gamma9,gamma13,none,none,dash,noRotation,e,w,dash,noRotation,n,s
Λ-,gamma1,gamma5,none,none,dash,noRotation,w,e,dash,noRotation,n,s
Λ-,gamma15,gamma11,none,none,dash,noRotation,n,s,dash,noRotation,w,e
Λ-,gamma7,gamma3,none,none,dash,noRotation,s,n,dash,noRotation,w,e
Λ-,gamma5,gamma1,none,none,dash,noRotation,e,w,dash,noRotation,s,n
Λ-,gamma13,gamma9,none,none,dash,noRotation,w,e,dash,noRotation,s,n

α,alpha3,alpha3,none,none,static,noRotation,w,w,static,noRotation,e,e
α,alpha5,alpha5,none,none,static,noRotation,n,n,static,noRotation,s,s
α,alpha1,alpha1,none,none,static,noRotation,s,s,static,noRotation,n,n
α,alpha7,alpha7,none,none,static,noRotation,e,e,static,noRotation,w,w

β,beta3,beta3,none,none,static,noRotation,e,e,static,noRotation,e,e
β,beta5,beta5,none,none,static,noRotation,s,s,static,noRotation,s,s
β,beta1,beta1,none,none,static,noRotation,n,n,static,noRotation,n,n
β,beta7,beta7,none,none,static,noRotation,w,w,static,noRotation,w,w

Γ,gamma11,gamma11,none,none,static,noRotation,s,s,static,noRotation,e,e
Γ,gamma3,gamma3,none,none,static,noRotation,n,n,static,noRotation,e,e
Γ,gamma13,gamma13,none,none,static,noRotation,w,w,static,noRotation,s,s
Γ,gamma5,gamma5,none,none,static,noRotation,e,e,static,noRotation,s,s
Γ,gamma9,gamma9,none,none,static,noRotation,e,e,static,noRotation,n,n
Γ,gamma1,gamma1,none,none,static,noRotation,w,w,static,noRotation,n,n
Γ,gamma15,gamma15,none,none,static,noRotation,n,n,static,noRotation,w,w
Γ,gamma7,gamma7,none,none,static,noRotation,s,s,static,noRotation,w,w

